user_name,age,gender,email
Terry,50,male,atuny0@sohu.com
Sheldon,28,male,hbingley1@plala.or.jp
Terrill,38,male,rshawe2@51.la
Miles,49,male,yraigatt3@nature.com
Mavis,38,male,kmeus4@upenn.edu
Alison,21,female,jtreleven5@nhs.uk
Oleta,31,female,dpettegre6@columbia.edu
Ewell,29,male,ggude7@chron.com
Demetrius,22,male,nloiterton8@aol.com
Eleanora,37,female,umcgourty9@jalbum.net
Marcel,39,male,acharlota@liveinternet.ru
Assunta,42,female,rhallawellb@dropbox.com
Trace,26,male,lgribbinc@posterous.com
Enoch,21,male,mturleyd@tumblr.com
Jeanne,26,female,kminchelle@qq.com
Trycia,41,female,dpierrof@vimeo.com
Bradford,43,male,vcholdcroftg@ucoz.com
Arely,42,male,sberminghamh@chron.com
Gust,46,male,bleveragei@so-net.ne.jp
Lenna,41,female,aeatockj@psu.edu
Doyle,23,male,ckensleyk@pen.io
Tressa,41,female,froachel@howstuffworks.com
Felicity,46,female,beykelhofm@wikispaces.com
Jocelyn,19,male,brickeardn@fema.gov
Edwina,21,female,dfundello@amazon.co.jp
Griffin,35,male,lgronaverp@cornell.edu
Piper,47,female,fokillq@amazon.co.jp
Kody,28,male,xisherwoodr@ask.com
Macy,45,female,jissetts@hostgator.com
Maurine,31,female,kdulyt@umich.edu
